policy,alpha,TTB,LOS,RATP,TTB_CTAS1,TTB_CTAS2,TTB_CTAS5
CTAS+FIFO,--,103.27890258658549,384.05792516403386,0.9559107949225508,17.155011239519364,21.07948857105393,301.5629580361275
APQ,--,89.24161962162421,369.43175539503915,1.175821336735659,47.679435888165614,57.543515205655666,165.4215252842825
Multi-Attr (CTAS routing),0.0,71.77273956158565,350.7532221418072,0.8504845375552449,18.1143500918467,25.293889535800858,62.310144661963264
Multi-Attr (CTAS routing),1.0,78.60461731084614,357.80232644238254,0.8722918525964509,19.200078692519952,32.4342453434671,64.89306447818258
Multi-Attribute,0.0,61.603340862712706,339.5821172106157,0.815658495472912,17.906908904675095,25.290664230194057,42.40452759297615
Multi-Attribute,1.0,73.07219903944447,352.1150024761366,0.8411071064412567,18.900674585773963,24.8506838317767,42.19113075950416
