{
 "diagnostics": {
  "classes": [
   "high",
   "low",
   "super",
   "zero"
  ],
  "cm": [
   [
    0.15469682689286837,
    0.7131636820609488,
    0.00018850141376060322,
    0.13195098963242224
   ],
   [
    0.029865125240847785,
    0.6831468044111015,
    4.0995367523469845e-05,
    0.2869470749805272
   ],
   [
    0.3126469205453691,
    0.5881523272214386,
    0.0004701457451810061,
    0.09873060648801128
   ],
   [
    0.015142073778664007,
    0.19994184114323696,
    2.0771020272515784e-05,
    0.7848953140578265
   ]
  ]
 },
 "consultation": {
  "classes": [
   "no",
   "yes"
  ],
  "cm": [
   [
    0.9767069302489507,
    0.02329306975104931
   ],
   [
    0.8248277801209054,
    0.17517221987909462
   ]
  ]
 },
 "service_time": {
  "classes": [
   "average",
   "long",
   "short",
   "very_long",
   "very_short"
  ],
  "cm": [
   [
    0.8094925203145191,
    0.010578881661081542,
    0.0,
    0.03556957312131765,
    0.14435902490308167
   ],
   [
    0.8401999873425733,
    0.02790962597303968,
    0.0,
    0.08974115562306183,
    0.04214923106132523
   ],
   [
    0.6608249148853045,
    0.00273483284031925,
    0.0,
    0.014176480437573254,
    0.32226377183680305
   ],
   [
    0.745671887881286,
    0.03528441879637263,
    0.0,
    0.19530090684253915,
    0.023742786479802144
   ],
   [
    0.5802190309796735,
    0.0015340691183363872,
    0.0,
    0.009374866834277922,
    0.4088720330677121
   ]
  ]
 },
 "disposition": {
  "classes": [
   "acute_admit",
   "home",
   "nonacute_admit",
   "transfer"
  ],
  "cm": [
   [
    0.0,
    0.6875,
    0.3125,
    0.0
   ],
   [
    0.0,
    0.9891952309985097,
    0.010804769001490314,
    0.0
   ],
   [
    0.0,
    0.8257581486803297,
    0.17424185131967027,
    0.0
   ],
   [
    0.0,
    0.8762886597938144,
    0.12371134020618557,
    0.0
   ]
  ]
 }
}